stock,date
RELIANCE,2026-03-26
TCS,2026-03-26
INFY,2026-03-26
ICICIBANK,2026-03-26
SBIN,2026-03-26
LT,2026-03-26
BHARTIARTL,2026-03-26
MARUTI,2026-03-26
TATASTEEL,2026-03-26
HINDALCO,2026-03-26
HDFCBANK,2026-03-27
ITC,2026-03-27
LT,2026-03-27
ICICIBANK,2026-03-27
KOTAKBANK,2026-03-27
BHARTIARTL,2026-03-27
MARUTI,2026-03-27
TATASTEEL,2026-03-27
JSWSTEEL,2026-03-27
INDIGO,2026-03-27
ALLCARGO,2026-03-30
ANMOL,2026-03-30
APOLLOTYRE,2026-03-30
ARVSMART,2026-03-30
ASMS,2026-03-30
ARROWGREEN,2026-03-30
