SYMBOL,VOLUME,%CHNG
20MICRONS,1000000,0.0
21STCENMGM,1000000,0.0
360ONE,1000000,0.0
3IINFOLTD,1000000,0.0
3MINDIA,1000000,0.0
3PLAND,1000000,0.0
5PAISA,1000000,0.0
63MOONS,1000000,0.0
A2ZINFRA,1000000,0.0
AAATECH,1000000,0.0
AADHARHFC,1000000,0.0
AAKASH,1000000,0.0
AAREYDRUGS,1000000,0.0
AARON,1000000,0.0
AARTECH,1000000,0.0
AARTIDRUGS,1000000,0.0
AARTIIND,1000000,0.0
AARTIPHARM,1000000,0.0
AARTISURF,1000000,0.0
AARVI,1000000,0.0
AAVAS,1000000,0.0
ABB,1000000,0.0
ABBOTINDIA,1000000,0.0
ABCAPITAL,1000000,0.0
ABCOTS,1000000,0.0
ABDL,1000000,0.0
ABFRL,1000000,0.0
ABINFRA,1000000,0.0
ABLBL,1000000,0.0
ABMINTLLTD,1000000,0.0
ABREL,1000000,0.0
ABSLAMC,1000000,0.0
ACC,1000000,0.0
ACCELYA,1000000,0.0
ACCURACY,1000000,0.0
ACE,1000000,0.0
ACEINTEG,1000000,0.0
ACI,1000000,0.0
ACL,1000000,0.0
ACMESOLAR,1000000,0.0
ACUTAAS,1000000,0.0
ADANIENSOL,1000000,0.0
ADANIENT,1000000,0.0
ADANIGREEN,1000000,0.0
ADANIPORTS,1000000,0.0
ADANIPOWER,1000000,0.0
ADFFOODS,1000000,0.0
ADL,1000000,0.0
ADOR,1000000,0.0
ADROITINFO,1000000,0.0
ADSL,1000000,0.0
ADVANCE,1000000,0.0
ADVANIHOTR,1000000,0.0
ADVENTHTL,1000000,0.0
ADVENZYMES,1000000,0.0
AEGISLOG,1000000,0.0
AEGISVOPAK,1000000,0.0
AEQUS,1000000,0.0
AEROENTER,1000000,0.0
AEROFLEX,1000000,0.0
AERONEU,1000000,0.0
AETHER,1000000,0.0
AFCONS,1000000,0.0
AFFLE,1000000,0.0
AFFORDABLE,1000000,0.0
AFIL,1000000,0.0
AFSL,1000000,0.0
AGARIND,1000000,0.0
AGARWALEYE,1000000,0.0
AGI,1000000,0.0
AGIIL,1000000,0.0
AGROPHOS,1000000,0.0
AHCL,1000000,0.0
AHLADA,1000000,0.0
AHLEAST,1000000,0.0
AHLUCONT,1000000,0.0
AIAENG,1000000,0.0
AIIL,1000000,0.0
AIRAN,1000000,0.0
AIROLAM,1000000,0.0
AJANTPHARM,1000000,0.0
AJAXENGG,1000000,0.0
AJMERA,1000000,0.0
AJOONI,1000000,0.0
AKASH,1000000,0.0
AKG,1000000,0.0
AKI,1000000,0.0
AKSHAR,1000000,0.0
AKSHARCHEM,1000000,0.0
AKSHOPTFBR,1000000,0.0
AKUMS,1000000,0.0
AKZOINDIA,1000000,0.0
ALANKIT,1000000,0.0
ALBERTDAVD,1000000,0.0
ALEMBICLTD,1000000,0.0
ALGOQUANT,1000000,0.0
ALICON,1000000,0.0
ALIVUS,1000000,0.0
ALKALI,1000000,0.0
ALKEM,1000000,0.0
ALKYLAMINE,1000000,0.0
ALLCARGO,1000000,0.0
ALLDIGI,1000000,0.0
ALLTIME,1000000,0.0
ALMONDZ,1000000,0.0
ALOKINDS,1000000,0.0
ALPA,1000000,0.0
ALPHAGEO,1000000,0.0
AMANTA,1000000,0.0
AMBER,1000000,0.0
AMBICAAGAR,1000000,0.0
AMBIKCO,1000000,0.0
AMBUJACEM,1000000,0.0
AMDIND,1000000,0.0
AMJLAND,1000000,0.0
AMNPLST,1000000,0.0
AMRUTANJAN,1000000,0.0
ANANDRATHI,1000000,0.0
ANANTRAJ,1000000,0.0
ANDHRAPAP,1000000,0.0
ANDHRSUGAR,1000000,0.0
ANGELONE,1000000,0.0
ANIKINDS,1000000,0.0
ANMOL,1000000,0.0
ANTELOPUS,1000000,0.0
ANTGRAPHIC,1000000,0.0
ANTHEM,1000000,0.0
ANUHPHR,1000000,0.0
ANUP,1000000,0.0
ANURAS,1000000,0.0
APARINDS,1000000,0.0
APCL,1000000,0.0
APCOTEXIND,1000000,0.0
APEX,1000000,0.0
APLAPOLLO,1000000,0.0
APLLTD,1000000,0.0
APOLLO,1000000,0.0
APOLLOHOSP,1000000,0.0
APOLLOPIPE,1000000,0.0
APOLLOTYRE,1000000,0.0
APOLSINHOT,1000000,0.0
APTECHT,1000000,0.0
APTUS,1000000,0.0
ARCHIDPLY,1000000,0.0
ARCHIES,1000000,0.0
ARE&M,1000000,0.0
ARENTERP,1000000,0.0
ARFIN,1000000,0.0
ARIES,1000000,0.0
ARIHANTCAP,1000000,0.0
ARIHANTSUP,1000000,0.0
ARISINFRA,1000000,0.0
ARKADE,1000000,0.0
ARMANFIN,1000000,0.0
AROGRANITE,1000000,0.0
ARROWGREEN,1000000,0.0
ARSSBL,1000000,0.0
ARTEMISMED,1000000,0.0
ARTNIRMAN,1000000,0.0
ARVIND,1000000,0.0
ARVINDFASN,1000000,0.0
ARVSMART,1000000,0.0
ASAHIINDIA,1000000,0.0
ASAHISONG,1000000,0.0
ASAL,1000000,0.0
ASALCBR,1000000,0.0
ASHAPURMIN,1000000,0.0
ASHIANA,1000000,0.0
ASHIMASYN,1000000,0.0
ASHOKA,1000000,0.0
ASHOKAMET,1000000,0.0
ASHOKLEY,1000000,0.0
ASIANENE,1000000,0.0
ASIANHOTNR,1000000,0.0
ASIANPAINT,1000000,0.0
ASIANTILES,1000000,0.0
ASKAUTOLTD,1000000,0.0
ASMS,1000000,0.0
ASPINWALL,1000000,0.0
ASTEC,1000000,0.0
ASTERDM,1000000,0.0
ASTRAL,1000000,0.0
ASTRAMICRO,1000000,0.0
ASTRAZEN,1000000,0.0
ASTRON,1000000,0.0
ATALREAL,1000000,0.0
ATAM,1000000,0.0
ATGL,1000000,0.0
ATHERENERG,1000000,0.0
ATL,1000000,0.0
ATLANTAA,1000000,0.0
ATLANTAELE,1000000,0.0
ATLASCYCLE,1000000,0.0
ATUL,1000000,0.0
ATULAUTO,1000000,0.0
AUBANK,1000000,0.0
AURIONPRO,1000000,0.0
AUROPHARMA,1000000,0.0
AURUM,1000000,0.0
AUSOMENT,1000000,0.0
AUTOAXLES,1000000,0.0
AUTOIND,1000000,0.0
AVADHSUGAR,1000000,0.0
AVALON,1000000,0.0
AVANTEL,1000000,0.0
AVANTIFEED,1000000,0.0
AVG,1000000,0.0
AVL,1000000,0.0
AVONMORE,1000000,0.0
AVROIND,1000000,0.0
AVTNPL,1000000,0.0
AWFIS,1000000,0.0
AWHCL,1000000,0.0
AWL,1000000,0.0
AXISBANK,1000000,0.0
AXISCADES,1000000,0.0
AYMSYNTEX,1000000,0.0
AZAD,1000000,0.0
BAGFILMS,1000000,0.0
BAIDFIN,1000000,0.0
BAJAJ-AUTO,1000000,0.0
BAJAJCON,1000000,0.0
BAJAJELEC,1000000,0.0
BAJAJFINSV,1000000,0.0
BAJAJHCARE,1000000,0.0
BAJAJHFL,1000000,0.0
BAJAJHIND,1000000,0.0
BAJAJHLDNG,1000000,0.0
BAJAJINDEF,1000000,0.0
BAJEL,1000000,0.0
BAJFINANCE,1000000,0.0
BALAJEE,1000000,0.0
BALAJITELE,1000000,0.0
BALAMINES,1000000,0.0
BALAXI,1000000,0.0
BALKRISHNA,1000000,0.0
BALKRISIND,1000000,0.0
BALMLAWRIE,1000000,0.0
BALPHARMA,1000000,0.0
BALRAMCHIN,1000000,0.0
BALUFORGE,1000000,0.0
BANARBEADS,1000000,0.0
BANARISUG,1000000,0.0
BANCOINDIA,1000000,0.0
BANDHANBNK,1000000,0.0
BANG,1000000,0.0
BANKA,1000000,0.0
BANKBARODA,1000000,0.0
BANKINDIA,1000000,0.0
BANSALWIRE,1000000,0.0
BANSWRAS,1000000,0.0
BASF,1000000,0.0
BASML,1000000,0.0
BATAINDIA,1000000,0.0
BAYERCROP,1000000,0.0
BBL,1000000,0.0
BBOX,1000000,0.0
BBTC,1000000,0.0
BBTCL,1000000,0.0
BCG,1000000,0.0
BCLIND,1000000,0.0
BCONCEPTS,1000000,0.0
BDL,1000000,0.0
BEARDSELL,1000000,0.0
BECTORFOOD,1000000,0.0
BEDMUTHA,1000000,0.0
BEL,1000000,0.0
BELLACASA,1000000,0.0
BELRISE,1000000,0.0
BEML,1000000,0.0
BEPL,1000000,0.0
BERGEPAINT,1000000,0.0
BESTAGRO,1000000,0.0
BETA,1000000,0.0
BFINVEST,1000000,0.0
BGRENERGY,1000000,0.0
BHAGCHEM,1000000,0.0
BHAGERIA,1000000,0.0
BHANDARI,1000000,0.0
BHARATFORG,1000000,0.0
BHARATGEAR,1000000,0.0
BHARATRAS,1000000,0.0
BHARATSE,1000000,0.0
BHARATWIRE,1000000,0.0
BHARTIARTL,1000000,0.0
BHARTIHEXA,1000000,0.0
BHEL,1000000,0.0
BIGBLOC,1000000,0.0
BIKAJI,1000000,0.0
BIL,1000000,0.0
BIOCON,1000000,0.0
BIOFILCHEM,1000000,0.0
BIRLACABLE,1000000,0.0
BIRLACORPN,1000000,0.0
BIRLAMONEY,1000000,0.0
BIRLANU,1000000,0.0
BLACKBUCK,1000000,0.0
BLAL,1000000,0.0
BLBLIMITED,1000000,0.0
BLISSGVS,1000000,0.0
BLKASHYAP,1000000,0.0
BLS,1000000,0.0
BLSE,1000000,0.0
BLUECOAST,1000000,0.0
BLUEDART,1000000,0.0
BLUEJET,1000000,0.0
BLUESTARCO,1000000,0.0
BLUESTONE,1000000,0.0
BLUSPRING,1000000,0.0
BMWVENTLTD,1000000,0.0
BODALCHEM,1000000,0.0
BOHRAIND,1000000,0.0
BOMDYEING,1000000,0.0
BOROLTD,1000000,0.0
BORORENEW,1000000,0.0
BOROSCI,1000000,0.0
BOSCH-HCIL,1000000,0.0
BOSCHLTD,1000000,0.0
BPCL,1000000,0.0
BPL,1000000,0.0
BRIGADE,1000000,0.0
BRIGHOTEL,1000000,0.0
BRITANNIA,1000000,0.0
BRNL,1000000,0.0
BROOKS,1000000,0.0
BSE,1000000,0.0
BSHSL,1000000,0.0
BSL,1000000,0.0
BSOFT,1000000,0.0
BTML,1000000,0.0
BUTTERFLY,1000000,0.0
BVCL,1000000,0.0
BYKE,1000000,0.0
CALSOFT,1000000,0.0
CAMLINFINE,1000000,0.0
CAMPUS,1000000,0.0
CAMS,1000000,0.0
CANBK,1000000,0.0
CANFINHOME,1000000,0.0
CANHLIFE,1000000,0.0
CANTABIL,1000000,0.0
CAPACITE,1000000,0.0
CAPILLARY,1000000,0.0
CAPITALSFB,1000000,0.0
CAPLIPOINT,1000000,0.0
CAPTRUST,1000000,0.0
CARBORUNIV,1000000,0.0
CARERATING,1000000,0.0
CARRARO,1000000,0.0
CARTRADE,1000000,0.0
CARYSIL,1000000,0.0
CASTROLIND,1000000,0.0
CCHHL,1000000,0.0
CCL,1000000,0.0
CDSL,1000000,0.0
CEATLTD,1000000,0.0
CEIGALL,1000000,0.0
CELEBRITY,1000000,0.0
CELLO,1000000,0.0
CEMPRO,1000000,0.0
CENTENKA,1000000,0.0
CENTRALBK,1000000,0.0
CENTRUM,1000000,0.0
CENTUM,1000000,0.0
CENTURYPLY,1000000,0.0
CERA,1000000,0.0
CESC,1000000,0.0
CEWATER,1000000,0.0
CGCL,1000000,0.0
CGPOWER,1000000,0.0
CHALET,1000000,0.0
CHAMBLFERT,1000000,0.0
CHEMBOND,1000000,0.0
CHEMBONDCH,1000000,0.0
CHEMCON,1000000,0.0
CHEMFAB,1000000,0.0
CHEMPLASTS,1000000,0.0
CHENNPETRO,1000000,0.0
CHEVIOT,1000000,0.0
CHOICEIN,1000000,0.0
CHOLAFIN,1000000,0.0
CHOLAHLDNG,1000000,0.0
CIEINDIA,1000000,0.0
CIFL,1000000,0.0
CIGNITITEC,1000000,0.0
CINELINE,1000000,0.0
CINEVISTA,1000000,0.0
CIPLA,1000000,0.0
CLEAN,1000000,0.0
CLEDUCATE,1000000,0.0
CLSEL,1000000,0.0
CMSINFO,1000000,0.0
CNL,1000000,0.0
COALINDIA,1000000,0.0
COCHINSHIP,1000000,0.0
COFFEEDAY,1000000,0.0
COFORGE,1000000,0.0
COHANCE,1000000,0.0
COLPAL,1000000,0.0
COMPUSOFT,1000000,0.0
CONCOR,1000000,0.0
CONCORDBIO,1000000,0.0
CONFIPET,1000000,0.0
CONSOFINVT,1000000,0.0
CONTROLPR,1000000,0.0
CORALFINAC,1000000,0.0
CORDSCABLE,1000000,0.0
COROMANDEL,1000000,0.0
CORONA,1000000,0.0
COSMOFIRST,1000000,0.0
COUNCODOS,1000000,0.0
CPCAP,1000000,0.0
CPEDU,1000000,0.0
CPPLUS,1000000,0.0
CRAFTSMAN,1000000,0.0
CRAMC,1000000,0.0
CREATIVEYE,1000000,0.0
CREDITACC,1000000,0.0
CREST,1000000,0.0
CRISIL,1000000,0.0
CRIZAC,1000000,0.0
CROMPTON,1000000,0.0
CROWN,1000000,0.0
CSBBANK,1000000,0.0
CSLFINANCE,1000000,0.0
CTE,1000000,0.0
CUB,1000000,0.0
CUBEXTUB,1000000,0.0
CUMMINSIND,1000000,0.0
CUPID,1000000,0.0
CYBERMEDIA,1000000,0.0
CYBERTECH,1000000,0.0
CYIENT,1000000,0.0
CYIENTDLM,1000000,0.0
DABUR,1000000,0.0
DALBHARAT,1000000,0.0
DALMIASUG,1000000,0.0
DAMCAPITAL,1000000,0.0
DAMODARIND,1000000,0.0
DANGEE,1000000,0.0
DATAMATICS,1000000,0.0
DATAPATTNS,1000000,0.0
DAVANGERE,1000000,0.0
DBCORP,1000000,0.0
DBEIL,1000000,0.0
DBL,1000000,0.0
DBOL,1000000,0.0
DBREALTY,1000000,0.0
DBSTOCKBRO,1000000,0.0
DCAL,1000000,0.0
DCBBANK,1000000,0.0
DCI,1000000,0.0
DCM,1000000,0.0
DCMFINSERV,1000000,0.0
DCMNVL,1000000,0.0
DCMSHRIRAM,1000000,0.0
DCMSRIND,1000000,0.0
DCW,1000000,0.0
DCXINDIA,1000000,0.0
DDEVPLSTIK,1000000,0.0
DECCANCE,1000000,0.0
DEEDEV,1000000,0.0
DEEPAKFERT,1000000,0.0
DEEPAKNTR,1000000,0.0
DEEPINDS,1000000,0.0
DELHIVERY,1000000,0.0
DELPHIFX,1000000,0.0
DELTACORP,1000000,0.0
DELTAMAGNT,1000000,0.0
DEN,1000000,0.0
DENORA,1000000,0.0
DENTA,1000000,0.0
DEVIT,1000000,0.0
DEVX,1000000,0.0
DEVYANI,1000000,0.0
DGCONTENT,1000000,0.0
DHAMPURSUG,1000000,0.0
DHANBANK,1000000,0.0
DHANUKA,1000000,0.0
DHARMAJ,1000000,0.0
DHRUV,1000000,0.0
DHUNINV,1000000,0.0
DIACABS,1000000,0.0
DIAMINESQ,1000000,0.0
DIAMONDYD,1000000,0.0
DICIND,1000000,0.0
DIFFNKG,1000000,0.0
DIGIDRIVE,1000000,0.0
DIGISPICE,1000000,0.0
DIGITIDE,1000000,0.0
DIGJAMLMTD,1000000,0.0
DISHTV,1000000,0.0
DIVGIITTS,1000000,0.0
DIVISLAB,1000000,0.0
DIXON,1000000,0.0
DJML,1000000,0.0
DLF,1000000,0.0
DLINKINDIA,1000000,0.0
DMART,1000000,0.0
DMCC,1000000,0.0
DNAMEDIA,1000000,0.0
DODLA,1000000,0.0
DOLATALGO,1000000,0.0
DOLLAR,1000000,0.0
DOLPHIN,1000000,0.0
DOMS,1000000,0.0
DONEAR,1000000,0.0
DPABHUSHAN,1000000,0.0
DPSCLTD,1000000,0.0
DPWIRES,1000000,0.0
DRCSYSTEMS,1000000,0.0
DREAMFOLKS,1000000,0.0
DREDGECORP,1000000,0.0
DRREDDY,1000000,0.0
DSSL,1000000,0.0
DTIL,1000000,0.0
DUCON,1000000,0.0
DVL,1000000,0.0
DWARKESH,1000000,0.0
DYCL,1000000,0.0
DYNAMATECH,1000000,0.0
DYNPRO,1000000,0.0
E2E,1000000,0.0
EASEMYTRIP,1000000,0.0
EBGNG,1000000,0.0
ECLERX,1000000,0.0
ECOSMOBLTY,1000000,0.0
EDELWEISS,1000000,0.0
EFCIL,1000000,0.0
EICHERMOT,1000000,0.0
EIDPARRY,1000000,0.0
EIEL,1000000,0.0
EIFFL,1000000,0.0
EIHAHOTELS,1000000,0.0
EIHOTEL,1000000,0.0
EIMCOELECO,1000000,0.0
EKC,1000000,0.0
ELDEHSG,1000000,0.0
ELECON,1000000,0.0
ELECTCAST,1000000,0.0
ELECTHERM,1000000,0.0
ELGIEQUIP,1000000,0.0
ELGIRUBCO,1000000,0.0
ELIN,1000000,0.0
ELLEN,1000000,0.0
EMAMILTD,1000000,0.0
EMAMIPAP,1000000,0.0
EMAMIREAL,1000000,0.0
EMCURE,1000000,0.0
EMIL,1000000,0.0
EMKAY,1000000,0.0
EMMBI,1000000,0.0
EMMVEE,1000000,0.0
EMSLIMITED,1000000,0.0
EMUDHRA,1000000,0.0
ENDURANCE,1000000,0.0
ENGINERSIN,1000000,0.0
ENIL,1000000,0.0
ENRIN,1000000,0.0
ENTERO,1000000,0.0
EPACK,1000000,0.0
EPACKPEB,1000000,0.0
EPIGRAL,1000000,0.0
EPL,1000000,0.0
EQUITASBNK,1000000,0.0
ERIS,1000000,0.0
ESABINDIA,1000000,0.0
ESAFSFB,1000000,0.0
ESCORTS,1000000,0.0
ESSENTIA,1000000,0.0
ESTER,1000000,0.0
ETERNAL,1000000,0.0
ETHOSLTD,1000000,0.0
EUREKAFORB,1000000,0.0
EUROBOND,1000000,0.0
EUROPRATIK,1000000,0.0
EVEREADY,1000000,0.0
EVERESTIND,1000000,0.0
EXCEL,1000000,0.0
EXCELINDUS,1000000,0.0
EXCELSOFT,1000000,0.0
EXICOM,1000000,0.0
EXIDEIND,1000000,0.0
EXPLEOSOL,1000000,0.0
FABTECH,1000000,0.0
FACT,1000000,0.0
FAIRCHEMOR,1000000,0.0
FAZE3Q,1000000,0.0
FCL,1000000,0.0
FCSSOFT,1000000,0.0
FDC,1000000,0.0
FEDERALBNK,1000000,0.0
FEDFINA,1000000,0.0
FIBERWEB,1000000,0.0
FIEMIND,1000000,0.0
FILATEX,1000000,0.0
FILATFASH,1000000,0.0
FINCABLES,1000000,0.0
FINEORG,1000000,0.0
FINKURVE,1000000,0.0
FINOPB,1000000,0.0
FINPIPE,1000000,0.0
FIRSTCRY,1000000,0.0
FISCHER,1000000,0.0
FIVESTAR,1000000,0.0
FLAIR,1000000,0.0
FLEXITUFF,1000000,0.0
FLUOROCHEM,1000000,0.0
FMGOETZE,1000000,0.0
FMNL,1000000,0.0
FOCUS,1000000,0.0
FOODSIN,1000000,0.0
FORCEMOT,1000000,0.0
FORTIS,1000000,0.0
FOSECOIND,1000000,0.0
FSL,1000000,0.0
FUSION,1000000,0.0
GABRIEL,1000000,0.0
GAEL,1000000,0.0
GAIL,1000000,0.0
GALAPREC,1000000,0.0
GALAXYSURF,1000000,0.0
GALLANTT,1000000,0.0
GANDHAR,1000000,0.0
GANDHITUBE,1000000,0.0
GANECOS,1000000,0.0
GANESHBE,1000000,0.0
GANESHCP,1000000,0.0
GANESHHOU,1000000,0.0
GANGAFORGE,1000000,0.0
GANGESSECU,1000000,0.0
GARFIBRES,1000000,0.0
GARUDA,1000000,0.0
GATECH,1000000,0.0
GATECHDVR,1000000,0.0
GATEWAY,1000000,0.0
GEECEE,1000000,0.0
GEEKAYWIRE,1000000,0.0
GEMAROMA,1000000,0.0
GENCON,1000000,0.0
GENESYS,1000000,0.0
GENUSPAPER,1000000,0.0
GENUSPOWER,1000000,0.0
GEOJITFSL,1000000,0.0
GESHIP,1000000,0.0
GFLLIMITED,1000000,0.0
GHCL,1000000,0.0
GHCLTEXTIL,1000000,0.0
GICHSGFIN,1000000,0.0
GICRE,1000000,0.0
GILLANDERS,1000000,0.0
GILLETTE,1000000,0.0
GINNIFILA,1000000,0.0
GIPCL,1000000,0.0
GKENERGY,1000000,0.0
GKSL,1000000,0.0
GKWLIMITED,1000000,0.0
GLAND,1000000,0.0
GLAXO,1000000,0.0
GLENMARK,1000000,0.0
GLOBALE,1000000,0.0
GLOBALVECT,1000000,0.0
GLOBE,1000000,0.0
GLOBECIVIL,1000000,0.0
GLOBUSSPR,1000000,0.0
GLOSTERLTD,1000000,0.0
GLOTTIS,1000000,0.0
GMBREW,1000000,0.0
GMDCLTD,1000000,0.0
GMMPFAUDLR,1000000,0.0
GMRAIRPORT,1000000,0.0
GMRP&UI,1000000,0.0
GNA,1000000,0.0
GNFC,1000000,0.0
GOACARBON,1000000,0.0
GOCLCORP,1000000,0.0
GOCOLORS,1000000,0.0
GODAVARIB,1000000,0.0
GODFRYPHLP,1000000,0.0
GODIGIT,1000000,0.0
GODREJAGRO,1000000,0.0
GODREJCP,1000000,0.0
GODREJIND,1000000,0.0
GODREJPROP,1000000,0.0
GOKEX,1000000,0.0
GOKUL,1000000,0.0
GOKULAGRO,1000000,0.0
GOLDIAM,1000000,0.0
GOLDTECH,1000000,0.0
GOODLUCK,1000000,0.0
GOPAL,1000000,0.0
GPIL,1000000,0.0
GPPL,1000000,0.0
GPTHEALTH,1000000,0.0
GPTINFRA,1000000,0.0
GRANULES,1000000,0.0
GRAPHITE,1000000,0.0
GRASIM,1000000,0.0
GRAVITA,1000000,0.0
GREAVESCOT,1000000,0.0
GREENLAM,1000000,0.0
GREENPANEL,1000000,0.0
GREENPLY,1000000,0.0
GREENPOWER,1000000,0.0
GRINDWELL,1000000,0.0
GRINFRA,1000000,0.0
GRMOVER,1000000,0.0
GROBTEA,1000000,0.0
GROWW,1000000,0.0
GRPLTD,1000000,0.0
GRSE,1000000,0.0
GRWRHITECH,1000000,0.0
GSFC,1000000,0.0
GSPL,1000000,0.0
GSS,1000000,0.0
GTECJAINX,1000000,0.0
GTL,1000000,0.0
GTLINFRA,1000000,0.0
GTPL,1000000,0.0
GUFICBIO,1000000,0.0
GUJALKALI,1000000,0.0
GUJAPOLLO,1000000,0.0
GUJGASLTD,1000000,0.0
GUJTHEM,1000000,0.0
GULFOILLUB,1000000,0.0
GULFPETRO,1000000,0.0
GULPOLY,1000000,0.0
GVPIL,1000000,0.0
GVPTECH,1000000,0.0
GVT&D,1000000,0.0
HAL,1000000,0.0
HAPPSTMNDS,1000000,0.0
HAPPYFORGE,1000000,0.0
HARIOMPIPE,1000000,0.0
HARRMALAYA,1000000,0.0
HARSHA,1000000,0.0
HATHWAY,1000000,0.0
HATSUN,1000000,0.0
HAVELLS,1000000,0.0
HAVISHA,1000000,0.0
HBLENGINE,1000000,0.0
HCC,1000000,0.0
HCG,1000000,0.0
HCL-INSYS,1000000,0.0
HCLTECH,1000000,0.0
HDBFS,1000000,0.0
HDFCAMC,1000000,0.0
HDFCBANK,1000000,0.0
HDFCLIFE,1000000,0.0
HEADSUP,1000000,0.0
HECPROJECT,1000000,0.0
HEG,1000000,0.0
HEIDELBERG,1000000,0.0
HEMIPROP,1000000,0.0
HERANBA,1000000,0.0
HERITGFOOD,1000000,0.0
HEROMOTOCO,1000000,0.0
HESTERBIO,1000000,0.0
HEUBACHIND,1000000,0.0
HEXATRADEX,1000000,0.0
HEXT,1000000,0.0
HFCL,1000000,0.0
HGINFRA,1000000,0.0
HGM,1000000,0.0
HGS,1000000,0.0
HIKAL,1000000,0.0
HILINFRA,1000000,0.0
HILTON,1000000,0.0
HIMATSEIDE,1000000,0.0
HINDALCO,1000000,0.0
HINDCOMPOS,1000000,0.0
HINDCON,1000000,0.0
HINDCOPPER,1000000,0.0
HINDOILEXP,1000000,0.0
HINDPETRO,1000000,0.0
HINDUNILVR,1000000,0.0
HINDWAREAP,1000000,0.0
HINDZINC,1000000,0.0
HIRECT,1000000,0.0
HISARMETAL,1000000,0.0
HITECH,1000000,0.0
HITECHCORP,1000000,0.0
HLEGLAS,1000000,0.0
HLVLTD,1000000,0.0
HMAAGRO,1000000,0.0
HMVL,1000000,0.0
HNDFDS,1000000,0.0
HOMEFIRST,1000000,0.0
HONASA,1000000,0.0
HONAUT,1000000,0.0
HONDAPOWER,1000000,0.0
HPAL,1000000,0.0
HPIL,1000000,0.0
HPL,1000000,0.0
HSCL,1000000,0.0
HTMEDIA,1000000,0.0
HUBTOWN,1000000,0.0
HUDCO,1000000,0.0
HUHTAMAKI,1000000,0.0
HYUNDAI,1000000,0.0
IBULLSLTD,1000000,0.0
ICDSLTD,1000000,0.0
ICEMAKE,1000000,0.0
ICICIAMC,1000000,0.0
ICICIBANK,1000000,0.0
ICICIGI,1000000,0.0
ICICIPRULI,1000000,0.0
ICIL,1000000,0.0
ICRA,1000000,0.0
IDBI,1000000,0.0
IDEA,1000000,0.0
IDEAFORGE,1000000,0.0
IDFCFIRSTB,1000000,0.0
IEX,1000000,0.0
IFBAGRO,1000000,0.0
IFBIND,1000000,0.0
IFCI,1000000,0.0
IFGLEXPOR,1000000,0.0
IGARASHI,1000000,0.0
IGCL,1000000,0.0
IGIL,1000000,0.0
IGL,1000000,0.0
IGPL,1000000,0.0
IIFL,1000000,0.0
IIFLCAPS,1000000,0.0
IITL,1000000,0.0
IKIO,1000000,0.0
IKS,1000000,0.0
IMAGICAA,1000000,0.0
IMFA,1000000,0.0
IMPAL,1000000,0.0
INCREDIBLE,1000000,0.0
INDBANK,1000000,0.0
INDGN,1000000,0.0
INDHOTEL,1000000,0.0
INDIACEM,1000000,0.0
INDIAGLYCO,1000000,0.0
INDIAMART,1000000,0.0
INDIANB,1000000,0.0
INDIANCARD,1000000,0.0
INDIANHUME,1000000,0.0
INDIASHLTR,1000000,0.0
INDIGO,1000000,0.0
INDIGOPNTS,1000000,0.0
INDIQUBE,1000000,0.0
INDNIPPON,1000000,0.0
INDOAMIN,1000000,0.0
INDOBORAX,1000000,0.0
INDOCO,1000000,0.0
INDOFARM,1000000,0.0
INDORAMA,1000000,0.0
INDOSTAR,1000000,0.0
INDOTECH,1000000,0.0
INDOTHAI,1000000,0.0
INDOUS,1000000,0.0
INDOWIND,1000000,0.0
INDRAMEDCO,1000000,0.0
INDSWFTLAB,1000000,0.0
INDTERRAIN,1000000,0.0
INDUSINDBK,1000000,0.0
INDUSTOWER,1000000,0.0
INFIBEAM,1000000,0.0
INFOBEAN,1000000,0.0
INFOMEDIA,1000000,0.0
INFY,1000000,0.0
INGERRAND,1000000,0.0
INNOVACAP,1000000,0.0
INNOVANA,1000000,0.0
INOXGREEN,1000000,0.0
INOXINDIA,1000000,0.0
INOXWIND,1000000,0.0
INSECTICID,1000000,0.0
INSPIRISYS,1000000,0.0
INTELLECT,1000000,0.0
INTENTECH,1000000,0.0
INTERARCH,1000000,0.0
INTLCONV,1000000,0.0
INVENTURE,1000000,0.0
IOB,1000000,0.0
IOC,1000000,0.0
IOLCP,1000000,0.0
IONEXCHANG,1000000,0.0
IPCALAB,1000000,0.0
IPL,1000000,0.0
IRB,1000000,0.0
IRCON,1000000,0.0
IRCTC,1000000,0.0
IREDA,1000000,0.0
IRFC,1000000,0.0
IRIS,1000000,0.0
IRISDOREME,1000000,0.0
IRMENERGY,1000000,0.0
ISFT,1000000,0.0
ISGEC,1000000,0.0
ISHANCH,1000000,0.0
ITC,1000000,0.0
ITCHOTELS,1000000,0.0
ITDC,1000000,0.0
ITI,1000000,0.0
IVALUE,1000000,0.0
IVC,1000000,0.0
IVP,1000000,0.0
IXIGO,1000000,0.0
IZMO,1000000,0.0
J&KBANK,1000000,0.0
JAGRAN,1000000,0.0
JAGSNPHARM,1000000,0.0
JAIBALAJI,1000000,0.0
JAICORPLTD,1000000,0.0
JAINREC,1000000,0.0
JAIPURKURT,1000000,0.0
JAMNAAUTO,1000000,0.0
JARO,1000000,0.0
JASH,1000000,0.0
JAYAGROGN,1000000,0.0
JAYBARMARU,1000000,0.0
JAYKAY,1000000,0.0
JAYNECOIND,1000000,0.0
JAYSREETEA,1000000,0.0
JBCHEPHARM,1000000,0.0
JBMA,1000000,0.0
JGCHEM,1000000,0.0
JHS,1000000,0.0
JINDALPHOT,1000000,0.0
JINDALPOLY,1000000,0.0
JINDALSAW,1000000,0.0
JINDALSTEL,1000000,0.0
JINDRILL,1000000,0.0
JINDWORLD,1000000,0.0
JIOFIN,1000000,0.0
JISLDVREQS,1000000,0.0
JISLJALEQS,1000000,0.0
JITFINFRA,1000000,0.0
JKCEMENT,1000000,0.0
JKIL,1000000,0.0
JKIPL,1000000,0.0
JKLAKSHMI,1000000,0.0
JKPAPER,1000000,0.0
JKTYRE,1000000,0.0
JLHL,1000000,0.0
JMA,1000000,0.0
JMFINANCIL,1000000,0.0
JNKINDIA,1000000,0.0
JOCIL,1000000,0.0
JPOLYINVST,1000000,0.0
JPPOWER,1000000,0.0
JSFB,1000000,0.0
JSL,1000000,0.0
JSLL,1000000,0.0
JSWCEMENT,1000000,0.0
JSWENERGY,1000000,0.0
JSWHL,1000000,0.0
JSWINFRA,1000000,0.0
JSWSTEEL,1000000,0.0
JTEKTINDIA,1000000,0.0
JTLIND,1000000,0.0
JUBLCPL,1000000,0.0
JUBLFOOD,1000000,0.0
JUBLINGREA,1000000,0.0
JUBLPHARMA,1000000,0.0
JUNIPER,1000000,0.0
JUSTDIAL,1000000,0.0
JWL,1000000,0.0
JYOTHYLAB,1000000,0.0
JYOTICNC,1000000,0.0
JYOTISTRUC,1000000,0.0
KABRAEXTRU,1000000,0.0
KAJARIACER,1000000,0.0
KAKATCEM,1000000,0.0
KALAMANDIR,1000000,0.0
KALPATARU,1000000,0.0
KALYANIFRG,1000000,0.0
KALYANKJIL,1000000,0.0
KAMATHOTEL,1000000,0.0
KAMDHENU,1000000,0.0
KAMOPAINTS,1000000,0.0
KANANIIND,1000000,0.0
KANORICHEM,1000000,0.0
KANPRPLA,1000000,0.0
KANSAINER,1000000,0.0
KAPSTON,1000000,0.0
KARMAENG,1000000,0.0
KARURVYSYA,1000000,0.0
KAUSHALYA,1000000,0.0
KAVDEFENCE,1000000,0.0
KAYA,1000000,0.0
KAYNES,1000000,0.0
KCP,1000000,0.0
KCPSUGIND,1000000,0.0
KDDL,1000000,0.0
KEC,1000000,0.0
KECL,1000000,0.0
KEEPLEARN,1000000,0.0
KEI,1000000,0.0
KELLTONTEC,1000000,0.0
KERNEX,1000000,0.0
KEYFINSERV,1000000,0.0
KFINTECH,1000000,0.0
KHADIM,1000000,0.0
KHAICHEM,1000000,0.0
KHAITANLTD,1000000,0.0
KHANDSE,1000000,0.0
KICL,1000000,0.0
KILITCH,1000000,0.0
KIMS,1000000,0.0
KINGFA,1000000,0.0
KIOCL,1000000,0.0
KIRIINDUS,1000000,0.0
KIRLOSBROS,1000000,0.0
KIRLOSENG,1000000,0.0
KIRLOSIND,1000000,0.0
KIRLPNU,1000000,0.0
KITEX,1000000,0.0
KKCL,1000000,0.0
KMEW,1000000,0.0
KMSUGAR,1000000,0.0
KNAGRI,1000000,0.0
KNRCON,1000000,0.0
KOHINOOR,1000000,0.0
KOKUYOCMLN,1000000,0.0
KOLTEPATIL,1000000,0.0
KOPRAN,1000000,0.0
KOTAKBANK,1000000,0.0
KOTARISUG,1000000,0.0
KOTHARIPET,1000000,0.0
KOTHARIPRO,1000000,0.0
KPEL,1000000,0.0
KPIGREEN,1000000,0.0
KPIL,1000000,0.0
KPITTECH,1000000,0.0
KPRMILL,1000000,0.0
KRBL,1000000,0.0
KREBSBIO,1000000,0.0
KRIDHANINF,1000000,0.0
KRISHANA,1000000,0.0
KRISHIVAL,1000000,0.0
KRISHNADEF,1000000,0.0
KRITI,1000000,0.0
KRITIKA,1000000,0.0
KRITINUT,1000000,0.0
KRN,1000000,0.0
KRONOX,1000000,0.0
KROSS,1000000,0.0
KRSNAA,1000000,0.0
KRYSTAL,1000000,0.0
KSB,1000000,0.0
KSCL,1000000,0.0
KSHINTL,1000000,0.0
KSHITIJPOL,1000000,0.0
KSL,1000000,0.0
KSOLVES,1000000,0.0
KTKBANK,1000000,0.0
KUANTUM,1000000,0.0
LAGNAM,1000000,0.0
LAL,1000000,0.0
LALPATHLAB,1000000,0.0
LAMBODHARA,1000000,0.0
LANDMARK,1000000,0.0
LAOPALA,1000000,0.0
LASA,1000000,0.0
LATENTVIEW,1000000,0.0
LAURUSLABS,1000000,0.0
LAXMICOT,1000000,0.0
LAXMIDENTL,1000000,0.0
LAXMIINDIA,1000000,0.0
LEMERITE,1000000,0.0
LEMONTREE,1000000,0.0
LENSKART,1000000,0.0
LEXUS,1000000,0.0
LFIC,1000000,0.0
LGBBROSLTD,1000000,0.0
LGEINDIA,1000000,0.0
LGHL,1000000,0.0
LIBAS,1000000,0.0
LIBERTSHOE,1000000,0.0
LICHSGFIN,1000000,0.0
LICI,1000000,0.0
LIKHITHA,1000000,0.0
LINC,1000000,0.0
LINCOLN,1000000,0.0
LINDEINDIA,1000000,0.0
LLOYDSENGG,1000000,0.0
LLOYDSENT,1000000,0.0
LLOYDSME,1000000,0.0
LMW,1000000,0.0
LODHA,1000000,0.0
LOKESHMACH,1000000,0.0
LORDSCHLO,1000000,0.0
LOTUSDEV,1000000,0.0
LOTUSEYE,1000000,0.0
LOVABLE,1000000,0.0
LOYALTEX,1000000,0.0
LPDC,1000000,0.0
LT,1000000,0.0
LTF,1000000,0.0
LTFOODS,1000000,0.0
LTIM,1000000,0.0
LTTS,1000000,0.0
LUMAXIND,1000000,0.0
LUMAXTECH,1000000,0.0
LUPIN,1000000,0.0
LUXIND,1000000,0.0
LXCHEM,1000000,0.0
LYKALABS,1000000,0.0
LYPSAGEMS,1000000,0.0
M&M,1000000,0.0
M&MFIN,1000000,0.0
MACPOWER,1000000,0.0
MADHAV,1000000,0.0
MADHUCON,1000000,0.0
MADRASFERT,1000000,0.0
MAGADSUGAR,1000000,0.0
MAGNUM,1000000,0.0
MAHABANK,1000000,0.0
MAHAPEXLTD,1000000,0.0
MAHEPC,1000000,0.0
MAHESHWARI,1000000,0.0
MAHLIFE,1000000,0.0
MAHLOG,1000000,0.0
MAHSCOOTER,1000000,0.0
MAHSEAMLES,1000000,0.0
MAITHANALL,1000000,0.0
MALLCOM,1000000,0.0
MALUPAPER,1000000,0.0
MAMATA,1000000,0.0
MANAKALUCO,1000000,0.0
MANAKCOAT,1000000,0.0
MANAKSIA,1000000,0.0
MANAKSTEEL,1000000,0.0
MANALIPETC,1000000,0.0
MANAPPURAM,1000000,0.0
MANBA,1000000,0.0
MANCREDIT,1000000,0.0
MANGLMCEM,1000000,0.0
MANINDS,1000000,0.0
MANINFRA,1000000,0.0
MANKIND,1000000,0.0
MANORAMA,1000000,0.0
MANORG,1000000,0.0
MANUGRAPH,1000000,0.0
MANYAVAR,1000000,0.0
MAPMYINDIA,1000000,0.0
MARALOVER,1000000,0.0
MARATHON,1000000,0.0
MARICO,1000000,0.0
MARINE,1000000,0.0
MARKOLINES,1000000,0.0
MARKSANS,1000000,0.0
MARUTI,1000000,0.0
MASFIN,1000000,0.0
MASTEK,1000000,0.0
MASTERTR,1000000,0.0
MATRIMONY,1000000,0.0
MAWANASUG,1000000,0.0
MAXESTATES,1000000,0.0
MAXHEALTH,1000000,0.0
MAXIND,1000000,0.0
MAYURUNIQ,1000000,0.0
MAZDA,1000000,0.0
MAZDOCK,1000000,0.0
MBAPL,1000000,0.0
MBEL,1000000,0.0
MBLINFRA,1000000,0.0
MCLEODRUSS,1000000,0.0
MCLOUD,1000000,0.0
MCX,1000000,0.0
MEDANTA,1000000,0.0
MEDIASSIST,1000000,0.0
MEDICAMEQ,1000000,0.0
MEDICO,1000000,0.0
MEDPLUS,1000000,0.0
MEESHO,1000000,0.0
MEIL,1000000,0.0
MENONBE,1000000,0.0
METROBRAND,1000000,0.0
METROPOLIS,1000000,0.0
MFML,1000000,0.0
MFSL,1000000,0.0
MGEL,1000000,0.0
MGL,1000000,0.0
MHLXMIRU,1000000,0.0
MHRIL,1000000,0.0
MICEL,1000000,0.0
MIDHANI,1000000,0.0
MIDWESTLTD,1000000,0.0
MINDACORP,1000000,0.0
MINDTECK,1000000,0.0
MIRCELECTR,1000000,0.0
MIRZAINT,1000000,0.0
MITCON,1000000,0.0
MITTAL,1000000,0.0
MKPL,1000000,0.0
MMFL,1000000,0.0
MMP,1000000,0.0
MMTC,1000000,0.0
MOBIKWIK,1000000,0.0
MODINATUR,1000000,0.0
MODIRUBBER,1000000,0.0
MODIS,1000000,0.0
MODISONLTD,1000000,0.0
MODTHREAD,1000000,0.0
MOHITIND,1000000,0.0
MOIL,1000000,0.0
MOKSH,1000000,0.0
MOL,1000000,0.0
MOLDTECH,1000000,0.0
MOLDTKPAC,1000000,0.0
MONARCH,1000000,0.0
MONEYBOXX,1000000,0.0
MONTECARLO,1000000,0.0
MOREPENLAB,1000000,0.0
MOSCHIP,1000000,0.0
MOTHERSON,1000000,0.0
MOTILALOFS,1000000,0.0
MOTISONS,1000000,0.0
MOTOGENFIN,1000000,0.0
MPHASIS,1000000,0.0
MPSLTD,1000000,0.0
MRF,1000000,0.0
MRPL,1000000,0.0
MSPL,1000000,0.0
MSTCLTD,1000000,0.0
MSUMI,1000000,0.0
MTARTECH,1000000,0.0
MTNL,1000000,0.0
MUFIN,1000000,0.0
MUFTI,1000000,0.0
MUKANDLTD,1000000,0.0
MUKKA,1000000,0.0
MUKTAARTS,1000000,0.0
MUNJALAU,1000000,0.0
MUNJALSHOW,1000000,0.0
MURUDCERA,1000000,0.0
MUTHOOTCAP,1000000,0.0
MUTHOOTFIN,1000000,0.0
MUTHOOTMF,1000000,0.0
MVGJL,1000000,0.0
MWL,1000000,0.0
NACLIND,1000000,0.0
NAGAFERT,1000000,0.0
NAGREEKEXP,1000000,0.0
NAHARCAP,1000000,0.0
NAHARINDUS,1000000,0.0
NAHARPOLY,1000000,0.0
NAHARSPING,1000000,0.0
NAM-INDIA,1000000,0.0
NARMADA,1000000,0.0
NATCAPSUQ,1000000,0.0
NATCOPHARM,1000000,0.0
NATHBIOGEN,1000000,0.0
NATIONALUM,1000000,0.0
NAUKRI,1000000,0.0
NAVA,1000000,0.0
NAVINFLUOR,1000000,0.0
NAVKARCORP,1000000,0.0
NAVNETEDUL,1000000,0.0
NAZARA,1000000,0.0
NBCC,1000000,0.0
NBIFIN,1000000,0.0
NCC,1000000,0.0
NCLIND,1000000,0.0
NDGL,1000000,0.0
NDL,1000000,0.0
NDLVENTURE,1000000,0.0
NDRAUTO,1000000,0.0
NDTV,1000000,0.0
NECCLTD,1000000,0.0
NELCAST,1000000,0.0
NELCO,1000000,0.0
NEOGEN,1000000,0.0
NEPHROPLUS,1000000,0.0
NESCO,1000000,0.0
NESTLEIND,1000000,0.0
NETWEB,1000000,0.0
NETWORK18,1000000,0.0
NEULANDLAB,1000000,0.0
NEWGEN,1000000,0.0
NEXTMEDIA,1000000,0.0
NFL,1000000,0.0
NGIL,1000000,0.0
NGLFINE,1000000,0.0
NH,1000000,0.0
NHPC,1000000,0.0
NIACL,1000000,0.0
NIBE,1000000,0.0
NIBL,1000000,0.0
NIITLTD,1000000,0.0
NIITMTS,1000000,0.0
NILAINFRA,1000000,0.0
NILASPACES,1000000,0.0
NILKAMAL,1000000,0.0
NINSYS,1000000,0.0
NIPPOBATRY,1000000,0.0
NIRAJ,1000000,0.0
NIRAJISPAT,1000000,0.0
NITCO,1000000,0.0
NITINSPIN,1000000,0.0
NITIRAJ,1000000,0.0
NIVABUPA,1000000,0.0
NKIND,1000000,0.0
NLCINDIA,1000000,0.0
NMDC,1000000,0.0
NOCIL,1000000,0.0
NOIDATOLL,1000000,0.0
NORTHARC,1000000,0.0
NOVAAGRI,1000000,0.0
NPST,1000000,0.0
NRAIL,1000000,0.0
NRBBEARING,1000000,0.0
NRL,1000000,0.0
NSIL,1000000,0.0
NSLNISP,1000000,0.0
NTPC,1000000,0.0
NTPCGREEN,1000000,0.0
NUCLEUS,1000000,0.0
NURECA,1000000,0.0
NUVAMA,1000000,0.0
NUVOCO,1000000,0.0
NYKAA,1000000,0.0
OAL,1000000,0.0
OBCL,1000000,0.0
OBEROIRLTY,1000000,0.0
OCCLLTD,1000000,0.0
ODIGMA,1000000,0.0
OFSS,1000000,0.0
OIL,1000000,0.0
OILCOUNTUB,1000000,0.0
OLAELEC,1000000,0.0
OLECTRA,1000000,0.0
OMAXAUTO,1000000,0.0
OMAXE,1000000,0.0
OMFREIGHT,1000000,0.0
OMINFRAL,1000000,0.0
ONEPOINT,1000000,0.0
ONESOURCE,1000000,0.0
ONGC,1000000,0.0
ONMOBILE,1000000,0.0
ONWARDTEC,1000000,0.0
OPTIEMUS,1000000,0.0
ORBTEXP,1000000,0.0
ORCHASP,1000000,0.0
ORCHPHARMA,1000000,0.0
ORIENTALTL,1000000,0.0
ORIENTBELL,1000000,0.0
ORIENTCEM,1000000,0.0
ORIENTCER,1000000,0.0
ORIENTELEC,1000000,0.0
ORIENTHOT,1000000,0.0
ORIENTLTD,1000000,0.0
ORIENTPPR,1000000,0.0
ORIENTTECH,1000000,0.0
ORISSAMINE,1000000,0.0
ORKLAINDIA,1000000,0.0
OSIAHYPER,1000000,0.0
OSWALAGRO,1000000,0.0
OSWALGREEN,1000000,0.0
OSWALPUMPS,1000000,0.0
OSWALSEEDS,1000000,0.0
PACEDIGITK,1000000,0.0
PAGEIND,1000000,0.0
PAISALO,1000000,0.0
PAKKA,1000000,0.0
PALASHSECU,1000000,0.0
PALREDTEC,1000000,0.0
PANACEABIO,1000000,0.0
PANACHE,1000000,0.0
PANAMAPET,1000000,0.0
PAR,1000000,0.0
PARACABLES,1000000,0.0
PARADEEP,1000000,0.0
PARAGMILK,1000000,0.0
PARAS,1000000,0.0
PARASPETRO,1000000,0.0
PARKHOSPS,1000000,0.0
PARKHOTELS,1000000,0.0
PARSVNATH,1000000,0.0
PASHUPATI,1000000,0.0
PASUPTAC,1000000,0.0
PATANJALI,1000000,0.0
PATELENG,1000000,0.0
PATELRMART,1000000,0.0
PATINTLOG,1000000,0.0
PAUSHAKLTD,1000000,0.0
PAVNAIND,1000000,0.0
PAYTM,1000000,0.0
PCBL,1000000,0.0
PCJEWELLER,1000000,0.0
PDMJEPAPER,1000000,0.0
PDSL,1000000,0.0
PEARLPOLY,1000000,0.0
PENIND,1000000,0.0
PENINLAND,1000000,0.0
PERSISTENT,1000000,0.0
PETRONET,1000000,0.0
PFC,1000000,0.0
PFIZER,1000000,0.0
PFOCUS,1000000,0.0
PFS,1000000,0.0
PGEL,1000000,0.0
PGHH,1000000,0.0
PGHL,1000000,0.0
PGIL,1000000,0.0
PHOENIXLTD,1000000,0.0
PICCADIL,1000000,0.0
PIDILITIND,1000000,0.0
PIGL,1000000,0.0
PIIND,1000000,0.0
PILANIINVS,1000000,0.0
PILITA,1000000,0.0
PINELABS,1000000,0.0
PIONEEREMB,1000000,0.0
PIRAMALFIN,1000000,0.0
PITTIENG,1000000,0.0
PIXTRANS,1000000,0.0
PKTEA,1000000,0.0
PLASTIBLEN,1000000,0.0
PLATIND,1000000,0.0
PLAZACABLE,1000000,0.0
PNB,1000000,0.0
PNBGILTS,1000000,0.0
PNBHOUSING,1000000,0.0
PNC,1000000,0.0
PNCINFRA,1000000,0.0
PNGJL,1000000,0.0
POCL,1000000,0.0
PODDARMENT,1000000,0.0
POKARNA,1000000,0.0
POLICYBZR,1000000,0.0
POLYCAB,1000000,0.0
POLYMED,1000000,0.0
POLYPLEX,1000000,0.0
PONNIERODE,1000000,0.0
POONAWALLA,1000000,0.0
POWERGRID,1000000,0.0
POWERINDIA,1000000,0.0
POWERMECH,1000000,0.0
PPAP,1000000,0.0
PPL,1000000,0.0
PPLPHARMA,1000000,0.0
PRABHA,1000000,0.0
PRAJIND,1000000,0.0
PRAKASH,1000000,0.0
PRAXIS,1000000,0.0
PRECAM,1000000,0.0
PRECOT,1000000,0.0
PRECWIRE,1000000,0.0
PREMEXPLN,1000000,0.0
PREMIERENE,1000000,0.0
PREMIERPOL,1000000,0.0
PRESTIGE,1000000,0.0
PRICOLLTD,1000000,0.0
PRIMESECU,1000000,0.0
PRIMO,1000000,0.0
PRINCEPIPE,1000000,0.0
PRITI,1000000,0.0
PRITIKAUTO,1000000,0.0
PRIVISCL,1000000,0.0
PROSTARM,1000000,0.0
PROTEAN,1000000,0.0
PRSMJOHNSN,1000000,0.0
PRUDENT,1000000,0.0
PRUDMOULI,1000000,0.0
PSB,1000000,0.0
PSPPROJECT,1000000,0.0
PTC,1000000,0.0
PTCIL,1000000,0.0
PTL,1000000,0.0
PUNJABCHEM,1000000,0.0
PURVA,1000000,0.0
PVRINOX,1000000,0.0
PVSL,1000000,0.0
PWL,1000000,0.0
PYRAMID,1000000,0.0
QPOWER,1000000,0.0
QUADFUTURE,1000000,0.0
QUESS,1000000,0.0
QUICKHEAL,1000000,0.0
RACE,1000000,0.0
RACLGEAR,1000000,0.0
RADAAN,1000000,0.0
RADHIKAJWE,1000000,0.0
RADIANTCMS,1000000,0.0
RADICO,1000000,0.0
RADIOCITY,1000000,0.0
RAILTEL,1000000,0.0
RAIN,1000000,0.0
RAINBOW,1000000,0.0
RAJMET,1000000,0.0
RAJOOENG,1000000,0.0
RAJRATAN,1000000,0.0
RAJSREESUG,1000000,0.0
RAJTV,1000000,0.0
RALLIS,1000000,0.0
RAMANEWS,1000000,0.0
RAMAPHO,1000000,0.0
RAMASTEEL,1000000,0.0
RAMCOCEM,1000000,0.0
RAMCOIND,1000000,0.0
RAMCOSYS,1000000,0.0
RAMKY,1000000,0.0
RAMRAT,1000000,0.0
RANASUG,1000000,0.0
RANEHOLDIN,1000000,0.0
RATEGAIN,1000000,0.0
RATNAMANI,1000000,0.0
RATNAVEER,1000000,0.0
RAYMOND,1000000,0.0
RAYMONDLSL,1000000,0.0
RAYMONDREL,1000000,0.0
RBA,1000000,0.0
RBLBANK,1000000,0.0
RBZJEWEL,1000000,0.0
RCF,1000000,0.0
RECLTD,1000000,0.0
REDINGTON,1000000,0.0
REDTAPE,1000000,0.0
REFEX,1000000,0.0
REGAAL,1000000,0.0
REGENCERAM,1000000,0.0
RELAXO,1000000,0.0
RELCHEMQ,1000000,0.0
RELIANCE,1000000,0.0
RELIGARE,1000000,0.0
RELTD,1000000,0.0
REMSONSIND,1000000,0.0
RENUKA,1000000,0.0
REPCOHOME,1000000,0.0
REPL,1000000,0.0
REPRO,1000000,0.0
RESPONIND,1000000,0.0
RETAIL,1000000,0.0
RGL,1000000,0.0
RHETAN,1000000,0.0
RHIM,1000000,0.0
RHL,1000000,0.0
RICOAUTO,1000000,0.0
RIIL,1000000,0.0
RISHABH,1000000,0.0
RITCO,1000000,0.0
RITES,1000000,0.0
RKDL,1000000,0.0
RKEC,1000000,0.0
RKFORGE,1000000,0.0
RKSWAMY,1000000,0.0
RMDRIP,1000000,0.0
RML,1000000,0.0
RNBDENIMS,1000000,0.0
ROHLTD,1000000,0.0
ROLEXRINGS,1000000,0.0
ROML,1000000,0.0
ROSSARI,1000000,0.0
ROSSELLIND,1000000,0.0
ROSSTECH,1000000,0.0
ROTO,1000000,0.0
ROUTE,1000000,0.0
RPEL,1000000,0.0
RPGLIFE,1000000,0.0
RPOWER,1000000,0.0
RPPINFRA,1000000,0.0
RPPL,1000000,0.0
RPSGVENT,1000000,0.0
RPTECH,1000000,0.0
RRKABEL,1000000,0.0
RSSOFTWARE,1000000,0.0
RSWM,1000000,0.0
RSYSTEMS,1000000,0.0
RTNINDIA,1000000,0.0
RTNPOWER,1000000,0.0
RUBFILA,1000000,0.0
RUBICON,1000000,0.0
RUBYMILLS,1000000,0.0
RUCHINFRA,1000000,0.0
RUCHIRA,1000000,0.0
RUDRA,1000000,0.0
RUPA,1000000,0.0
RUSHIL,1000000,0.0
RUSTOMJEE,1000000,0.0
RVHL,1000000,0.0
RVNL,1000000,0.0
RVTH,1000000,0.0
S&SPOWER,1000000,0.0
SAATVIKGL,1000000,0.0
SADBHIN,1000000,0.0
SADHNANIQ,1000000,0.0
SAFARI,1000000,0.0
SAGARDEEP,1000000,0.0
SAGCEM,1000000,0.0
SAGILITY,1000000,0.0
SAHYADRI,1000000,0.0
SAIL,1000000,0.0
SAILIFE,1000000,0.0
SAKAR,1000000,0.0
SAKHTISUG,1000000,0.0
SAKSOFT,1000000,0.0
SAKUMA,1000000,0.0
SALASAR,1000000,0.0
SALONA,1000000,0.0
SALZERELEC,1000000,0.0
SAMBHV,1000000,0.0
SAMHI,1000000,0.0
SAMMAANCAP,1000000,0.0
SAMPANN,1000000,0.0
SANATHAN,1000000,0.0
SANDESH,1000000,0.0
SANDHAR,1000000,0.0
SANDUMA,1000000,0.0
SANGAMIND,1000000,0.0
SANGHIIND,1000000,0.0
SANGHVIMOV,1000000,0.0
SANGINITA,1000000,0.0
SANOFI,1000000,0.0
SANOFICONR,1000000,0.0
SANSERA,1000000,0.0
SANSTAR,1000000,0.0
SAPPHIRE,1000000,0.0
SARDAEN,1000000,0.0
SAREGAMA,1000000,0.0
SARLAPOLY,1000000,0.0
SARVESHWAR,1000000,0.0
SASKEN,1000000,0.0
SASTASUNDR,1000000,0.0
SATIA,1000000,0.0
SATIN,1000000,0.0
SAURASHCEM,1000000,0.0
SBC,1000000,0.0
SBCL,1000000,0.0
SBFC,1000000,0.0
SBGLP,1000000,0.0
SBICARD,1000000,0.0
SBILIFE,1000000,0.0
SBIN,1000000,0.0
SCHAEFFLER,1000000,0.0
SCHAND,1000000,0.0
SCHNEIDER,1000000,0.0
SCI,1000000,0.0
SCILAL,1000000,0.0
SCODATUBES,1000000,0.0
SCPL,1000000,0.0
SDBL,1000000,0.0
SEAMECLTD,1000000,0.0
SECMARK,1000000,0.0
SEMAC,1000000,0.0
SENCO,1000000,0.0
SENORES,1000000,0.0
SEPC,1000000,0.0
SEQUENT,1000000,0.0
SERVOTECH,1000000,0.0
SESHAPAPER,1000000,0.0
SETCO,1000000,0.0
SFL,1000000,0.0
SGFIN,1000000,0.0
SGIL,1000000,0.0
SGL,1000000,0.0
SGLTL,1000000,0.0
SGMART,1000000,0.0
SHAH,1000000,0.0
SHAHALLOYS,1000000,0.0
SHAILY,1000000,0.0
SHAKTIPUMP,1000000,0.0
SHALBY,1000000,0.0
SHALPAINTS,1000000,0.0
SHANKARA,1000000,0.0
SHANTI,1000000,0.0
SHANTIGEAR,1000000,0.0
SHANTIGOLD,1000000,0.0
SHARDACROP,1000000,0.0
SHARDAMOTR,1000000,0.0
SHAREINDIA,1000000,0.0
SHEKHAWATI,1000000,0.0
SHEMAROO,1000000,0.0
SHILCTECH,1000000,0.0
SHILPAMED,1000000,0.0
SHIVALIK,1000000,0.0
SHIVAMAUTO,1000000,0.0
SHIVAMILLS,1000000,0.0
SHIVATEX,1000000,0.0
SHIVAUM,1000000,0.0
SHK,1000000,0.0
SHOPERSTOP,1000000,0.0
SHRADHA,1000000,0.0
SHREDIGCEM,1000000,0.0
SHREECEM,1000000,0.0
SHREEJISPG,1000000,0.0
SHREEPUSHK,1000000,0.0
SHREERAMA,1000000,0.0
SHREYANIND,1000000,0.0
SHRINGARMS,1000000,0.0
SHRIPISTON,1000000,0.0
SHRIRAMFIN,1000000,0.0
SHRIRAMPPS,1000000,0.0
SHYAMMETL,1000000,0.0
SHYAMTEL,1000000,0.0
SIEMENS,1000000,0.0
SIGACHI,1000000,0.0
SIGIND,1000000,0.0
SIGMA,1000000,0.0
SIGNATURE,1000000,0.0
SIGNPOST,1000000,0.0
SIL,1000000,0.0
SILGO,1000000,0.0
SILINV,1000000,0.0
SILVERTUC,1000000,0.0
SIMPLEXINF,1000000,0.0
SINCLAIR,1000000,0.0
SINDHUTRAD,1000000,0.0
SINTERCOM,1000000,0.0
SIRCA,1000000,0.0
SIS,1000000,0.0
SIYSIL,1000000,0.0
SJS,1000000,0.0
SJVN,1000000,0.0
SKFINDIA,1000000,0.0
SKFINDUS,1000000,0.0
SKIPPER,1000000,0.0
SKMEGGPROD,1000000,0.0
SKYGOLD,1000000,0.0
SMARTLINK,1000000,0.0
SMARTWORKS,1000000,0.0
SMCGLOBAL,1000000,0.0
SMLMAH,1000000,0.0
SMLT,1000000,0.0
SMSPHARMA,1000000,0.0
SNOWMAN,1000000,0.0
SOBHA,1000000,0.0
SOFTTECH,1000000,0.0
SOLARA,1000000,0.0
SOLARINDS,1000000,0.0
SOLARWORLD,1000000,0.0
SOLEX,1000000,0.0
SOMANYCERA,1000000,0.0
SOMICONVEY,1000000,0.0
SONACOMS,1000000,0.0
SONAMLTD,1000000,0.0
SONATSOFTW,1000000,0.0
SOTL,1000000,0.0
SOUTHBANK,1000000,0.0
SPAL,1000000,0.0
SPANDANA,1000000,0.0
SPARC,1000000,0.0
SPECIALITY,1000000,0.0
SPECTRUM,1000000,0.0
SPENCERS,1000000,0.0
SPIC,1000000,0.0
SPLIL,1000000,0.0
SPLPETRO,1000000,0.0
SPMLINFRA,1000000,0.0
SPORTKING,1000000,0.0
SRD,1000000,0.0
SREEL,1000000,0.0
SRF,1000000,0.0
SRGHFL,1000000,0.0
SRHHYPOLTD,1000000,0.0
SRM,1000000,0.0
SSDL,1000000,0.0
SSWL,1000000,0.0
STANLEY,1000000,0.0
STAR,1000000,0.0
STARCEMENT,1000000,0.0
STARHEALTH,1000000,0.0
STARPAPER,1000000,0.0
STARTECK,1000000,0.0
STCINDIA,1000000,0.0
STEELCAS,1000000,0.0
STEELCITY,1000000,0.0
STEELXIND,1000000,0.0
STEL,1000000,0.0
STERTOOLS,1000000,0.0
STLNETWORK,1000000,0.0
STLTECH,1000000,0.0
STOVEKRAFT,1000000,0.0
STUDDS,1000000,0.0
STYL,1000000,0.0
STYLAMIND,1000000,0.0
STYLEBAAZA,1000000,0.0
STYRENIX,1000000,0.0
SUBEXLTD,1000000,0.0
SUBROS,1000000,0.0
SUDARSCHEM,1000000,0.0
SUDEEPPHRM,1000000,0.0
SUKHJITS,1000000,0.0
SULA,1000000,0.0
SUMEETINDS,1000000,0.0
SUMICHEM,1000000,0.0
SUMIT,1000000,0.0
SUMMITSEC,1000000,0.0
SUNCLAY,1000000,0.0
SUNDARAM,1000000,0.0
SUNDARMFIN,1000000,0.0
SUNDRMBRAK,1000000,0.0
SUNDRMFAST,1000000,0.0
SUNDROP,1000000,0.0
SUNFLAG,1000000,0.0
SUNPHARMA,1000000,0.0
SUNTECK,1000000,0.0
SUNTV,1000000,0.0
SUPERHOUSE,1000000,0.0
SUPERSPIN,1000000,0.0
SUPRAJIT,1000000,0.0
SUPREME,1000000,0.0
SUPREMEIND,1000000,0.0
SUPRIYA,1000000,0.0
SURAJEST,1000000,0.0
SURAJLTD,1000000,0.0
SURAKSHA,1000000,0.0
SURANASOL,1000000,0.0
SURANAT&P,1000000,0.0
SURYALAXMI,1000000,0.0
SURYAROSNI,1000000,0.0
SURYODAY,1000000,0.0
SUTLEJTEX,1000000,0.0
SUVEN,1000000,0.0
SUVIDHAA,1000000,0.0
SUYOG,1000000,0.0
SUZLON,1000000,0.0
SVLL,1000000,0.0
SWANCORP,1000000,0.0
SWARAJENG,1000000,0.0
SWELECTES,1000000,0.0
SWIGGY,1000000,0.0
SWSOLAR,1000000,0.0
SYMPHONY,1000000,0.0
SYNCOMF,1000000,0.0
SYNGENE,1000000,0.0
SYRMA,1000000,0.0
SYSTMTXC,1000000,0.0
TAINWALCHM,1000000,0.0
TAJGVK,1000000,0.0
TALBROAUTO,1000000,0.0
TANLA,1000000,0.0
TARACHAND,1000000,0.0
TARC,1000000,0.0
TARIL,1000000,0.0
TARMAT,1000000,0.0
TARSONS,1000000,0.0
TASTYBITE,1000000,0.0
TATACAP,1000000,0.0
TATACHEM,1000000,0.0
TATACOMM,1000000,0.0
TATACONSUM,1000000,0.0
TATAELXSI,1000000,0.0
TATAINVEST,1000000,0.0
TATAPOWER,1000000,0.0
TATASTEEL,1000000,0.0
TATATECH,1000000,0.0
TATVA,1000000,0.0
TBOTEK,1000000,0.0
TBZ,1000000,0.0
TCI,1000000,0.0
TCIEXP,1000000,0.0
TCPLPACK,1000000,0.0
TCS,1000000,0.0
TDPOWERSYS,1000000,0.0
TEAMGTY,1000000,0.0
TEAMLEASE,1000000,0.0
TECHM,1000000,0.0
TECHNOE,1000000,0.0
TECILCHEM,1000000,0.0
TEGA,1000000,0.0
TEJASNET,1000000,0.0
TEMBO,1000000,0.0
TENNIND,1000000,0.0
TEXINFRA,1000000,0.0
TEXMOPIPES,1000000,0.0
TEXRAIL,1000000,0.0
TFCILTD,1000000,0.0
TFL,1000000,0.0
TGBHOTELS,1000000,0.0
THANGAMAYL,1000000,0.0
THEINVEST,1000000,0.0
THEJO,1000000,0.0
THELEELA,1000000,0.0
THEMISMED,1000000,0.0
THERMAX,1000000,0.0
THOMASCOOK,1000000,0.0
THOMASCOTT,1000000,0.0
THYROCARE,1000000,0.0
TI,1000000,0.0
TIGERLOGS,1000000,0.0
TIIL,1000000,0.0
TIINDIA,1000000,0.0
TIJARIA,1000000,0.0
TIL,1000000,0.0
TIMETECHNO,1000000,0.0
TIMKEN,1000000,0.0
TINNARUBR,1000000,0.0
TIPSFILMS,1000000,0.0
TIPSMUSIC,1000000,0.0
TIRUMALCHM,1000000,0.0
TIRUPATIFL,1000000,0.0
TITAGARH,1000000,0.0
TITAN,1000000,0.0
TMB,1000000,0.0
TMCV,1000000,0.0
TMPV,1000000,0.0
TNPETRO,1000000,0.0
TNPL,1000000,0.0
TNTELE,1000000,0.0
TOKYOPLAST,1000000,0.0
TOLINS,1000000,0.0
TORNTPHARM,1000000,0.0
TORNTPOWER,1000000,0.0
TOTAL,1000000,0.0
TOUCHWOOD,1000000,0.0
TPHQ,1000000,0.0
TPLPLASTEH,1000000,0.0
TRACXN,1000000,0.0
TRANSRAILL,1000000,0.0
TRANSWORLD,1000000,0.0
TRAVELFOOD,1000000,0.0
TREEHOUSE,1000000,0.0
TREL,1000000,0.0
TRENT,1000000,0.0
TRF,1000000,0.0
TRIDENT,1000000,0.0
TRIGYN,1000000,0.0
TRITURBINE,1000000,0.0
TRIVENI,1000000,0.0
TRU,1000000,0.0
TRUALT,1000000,0.0
TSFINV,1000000,0.0
TTKHLTCARE,1000000,0.0
TTKPRESTIG,1000000,0.0
TTL,1000000,0.0
TTML,1000000,0.0
TVSHLTD,1000000,0.0
TVSMOTOR,1000000,0.0
TVSSCS,1000000,0.0
TVSSRICHAK,1000000,0.0
TVTODAY,1000000,0.0
UBL,1000000,0.0
UCAL,1000000,0.0
UCOBANK,1000000,0.0
UDS,1000000,0.0
UFBL,1000000,0.0
UFLEX,1000000,0.0
UFO,1000000,0.0
UGARSUGAR,1000000,0.0
UGROCAP,1000000,0.0
UJJIVANSFB,1000000,0.0
ULTRACEMCO,1000000,0.0
UMAEXPORTS,1000000,0.0
UMESLTD,1000000,0.0
UMIYA-MRO,1000000,0.0
UNICHEMLAB,1000000,0.0
UNIDT,1000000,0.0
UNIECOM,1000000,0.0
UNIENTER,1000000,0.0
UNIINFO,1000000,0.0
UNIMECH,1000000,0.0
UNIONBANK,1000000,0.0
UNIPARTS,1000000,0.0
UNITDSPR,1000000,0.0
UNITECH,1000000,0.0
UNITEDTEA,1000000,0.0
UNIVASTU,1000000,0.0
UNIVCABLES,1000000,0.0
UNIVPHOTO,1000000,0.0
UNOMINDA,1000000,0.0
UPL,1000000,0.0
URAVIDEF,1000000,0.0
URBANCO,1000000,0.0
URJA,1000000,0.0
USHAMART,1000000,0.0
USK,1000000,0.0
UTIAMC,1000000,0.0
UTKARSHBNK,1000000,0.0
UTLSOLAR,1000000,0.0
UTTAMSUGAR,1000000,0.0
V2RETAIL,1000000,0.0
VADILALIND,1000000,0.0
VAIBHAVGBL,1000000,0.0
VAISHALI,1000000,0.0
VAKRANGEE,1000000,0.0
VALIANTLAB,1000000,0.0
VALIANTORG,1000000,0.0
VARDHACRLC,1000000,0.0
VARDMNPOLY,1000000,0.0
VARROC,1000000,0.0
VASCONEQ,1000000,0.0
VASWANI,1000000,0.0
VBL,1000000,0.0
VEDL,1000000,0.0
VEEDOL,1000000,0.0
VENKEYS,1000000,0.0
VENTIVE,1000000,0.0
VENUSPIPES,1000000,0.0
VERANDA,1000000,0.0
VERTOZ,1000000,0.0
VESUVIUS,1000000,0.0
VETO,1000000,0.0
VGL,1000000,0.0
VGUARD,1000000,0.0
VHL,1000000,0.0
VIDHIING,1000000,0.0
VIDYAWIRES,1000000,0.0
VIJAYA,1000000,0.0
VIJIFIN,1000000,0.0
VIKASECO,1000000,0.0
VIKASLIFE,1000000,0.0
VIKRAMSOLR,1000000,0.0
VIKRAN,1000000,0.0
VIMTALABS,1000000,0.0
VINATIORGA,1000000,0.0
VINCOFE,1000000,0.0
VINDHYATEL,1000000,0.0
VINEETLAB,1000000,0.0
VINNY,1000000,0.0
VINYLINDIA,1000000,0.0
VIPCLOTHNG,1000000,0.0
VIPIND,1000000,0.0
VIRINCHI,1000000,0.0
VISAKAIND,1000000,0.0
VISHNU,1000000,0.0
VISHWARAJ,1000000,0.0
VIVIDHA,1000000,0.0
VIVIMEDLAB,1000000,0.0
VLEGOV,1000000,0.0
VLSFINANCE,1000000,0.0
VMART,1000000,0.0
VMM,1000000,0.0
VMSTMT,1000000,0.0
VOLTAMP,1000000,0.0
VOLTAS,1000000,0.0
VPRPL,1000000,0.0
VRAJ,1000000,0.0
VRLLOG,1000000,0.0
VSSL,1000000,0.0
VSTIND,1000000,0.0
VSTL,1000000,0.0
VSTTILLERS,1000000,0.0
VTL,1000000,0.0
WAAREEENER,1000000,0.0
WAAREERTL,1000000,0.0
WABAG,1000000,0.0
WAKEFIT,1000000,0.0
WALCHANNAG,1000000,0.0
WANBURY,1000000,0.0
WCIL,1000000,0.0
WEALTH,1000000,0.0
WEBELSOLAR,1000000,0.0
WEIZMANIND,1000000,0.0
WEL,1000000,0.0
WELCORP,1000000,0.0
WELENT,1000000,0.0
WELINV,1000000,0.0
WELSPUNLIV,1000000,0.0
WENDT,1000000,0.0
WESTLIFE,1000000,0.0
WEWORK,1000000,0.0
WHEELS,1000000,0.0
WHIRLPOOL,1000000,0.0
WILLAMAGOR,1000000,0.0
WINDLAS,1000000,0.0
WINDMACHIN,1000000,0.0
WIPL,1000000,0.0
WIPRO,1000000,0.0
WOCKPHARMA,1000000,0.0
WONDERLA,1000000,0.0
WORTHPERI,1000000,0.0
WSI,1000000,0.0
WSTCSTPAPR,1000000,0.0
XCHANGING,1000000,0.0
XPROINDIA,1000000,0.0
XTGLOBAL,1000000,0.0
YASHO,1000000,0.0
YATHARTH,1000000,0.0
YATRA,1000000,0.0
YESBANK,1000000,0.0
YUKEN,1000000,0.0
ZAGGLE,1000000,0.0
ZEEL,1000000,0.0
ZEELEARN,1000000,0.0
ZEEMEDIA,1000000,0.0
ZENITHEXPO,1000000,0.0
ZENITHSTL,1000000,0.0
ZENSARTECH,1000000,0.0
ZENTEC,1000000,0.0
ZFCVINDIA,1000000,0.0
ZIMLAB,1000000,0.0
ZODIAC,1000000,0.0
ZODIACLOTH,1000000,0.0
ZOTA,1000000,0.0
ZUARI,1000000,0.0
ZUARIIND,1000000,0.0
ZYDUSLIFE,1000000,0.0
ZYDUSWELL,1000000,0.0
