symbol,sector
360ONE,Unknown
3MINDIA,Unknown
AADHARHFC,Unknown
AARTIDRUGS,Unknown
AARTIIND,Unknown
AARTIPHARM,Unknown
AAVAS,Unknown
ABB,Unknown
ABBOTINDIA,Unknown
ABCAPITAL,Unknown
ABDL,Unknown
ABFRL,Unknown
ABLBL,Unknown
ABREL,Unknown
ABSLAMC,Unknown
ACC,Unknown
ACE,Unknown
ACI,Unknown
ACMESOLAR,Unknown
ACUTAAS,Unknown
ADANIENSOL,Unknown
ADANIENT,Unknown
ADANIGREEN,Unknown
ADANIPORTS,Unknown
ADANIPOWER,Unknown
ADVENZYMES,Unknown
AEGISLOG,Unknown
AEGISVOPAK,Unknown
AETHER,Unknown
AFCONS,Unknown
AFFLE,Unknown
AGARWALEYE,Unknown
AGI,Unknown
AHLUCONT,Unknown
AIAENG,Unknown
AIIL,Unknown
AJANTPHARM,Unknown
AJAXENGG,Unknown
AKUMS,Unknown
AKZOINDIA,Unknown
ALIVUS,Unknown
ALKEM,Unknown
ALKYLAMINE,Unknown
ALLCARGO,Unknown
ALOKINDS,Unknown
AMBER,Unknown
AMBUJACEM,Unknown
ANANDRATHI,Unknown
ANANTRAJ,Unknown
ANGELONE,Unknown
ANUP,Unknown
ANURAS,Unknown
APARINDS,Unknown
APLAPOLLO,Unknown
APLLTD,Unknown
APOLLOHOSP,Unknown
APOLLOTYRE,Unknown
APTUS,Unknown
ARE&M,Unknown
ARVIND,Unknown
ARVINDFASN,Unknown
ASAHIINDIA,Unknown
ASHOKA,Unknown
ASHOKLEY,Unknown
ASIANPAINT,Unknown
ASKAUTOLTD,Unknown
ASTERDM,Unknown
ASTRAL,Unknown
ASTRAMICRO,Unknown
ASTRAZEN,Unknown
ATGL,Unknown
ATHERENERG,Unknown
ATUL,Unknown
AUBANK,Unknown
AURIONPRO,Unknown
AUROPHARMA,Unknown
AVALON,Unknown
AVANTIFEED,Unknown
AWFIS,Unknown
AWL,Unknown
AXISBANK,Unknown
AZAD,Unknown
BAJAJ-AUTO,Unknown
BAJAJELEC,Unknown
BAJAJFINSV,Unknown
BAJAJHFL,Unknown
BAJAJHLDNG,Unknown
BAJFINANCE,Unknown
BALAMINES,Unknown
BALKRISIND,Unknown
BALRAMCHIN,Unknown
BALUFORGE,Unknown
BANCOINDIA,Unknown
BANDHANBNK,Unknown
BANKBARODA,Unknown
BANKINDIA,Unknown
BASF,Unknown
BATAINDIA,Unknown
BAYERCROP,Unknown
BBL,Unknown
BBTC,Unknown
BDL,Unknown
BECTORFOOD,Unknown
BEL,Unknown
BELRISE,Unknown
BEML,Unknown
BERGEPAINT,Unknown
BHARATFORG,Unknown
BHARTIARTL,Unknown
BHARTIHEXA,Unknown
BHEL,Unknown
BIKAJI,Unknown
BIOCON,Unknown
BIRLACORPN,Unknown
BLACKBUCK,Unknown
BLS,Unknown
BLUEDART,Unknown
BLUEJET,Unknown
BLUESTARCO,Unknown
BORORENEW,Unknown
BOSCH-HCIL,Unknown
BOSCHLTD,Unknown
BPCL,Unknown
BRIGADE,Unknown
BRITANNIA,Unknown
BSE,Unknown
BSOFT,Unknown
CAMPUS,Unknown
CAMS,Unknown
CANBK,Unknown
CANFINHOME,Unknown
CAPLIPOINT,Unknown
CARBORUNIV,Unknown
CARTRADE,Unknown
CASTROLIND,Unknown
CCL,Unknown
CDSL,Unknown
CEATLTD,Unknown
CEIGALL,Unknown
CELLO,Unknown
CEMPRO,Unknown
CENTRALBK,Unknown
CENTURYPLY,Unknown
CERA,Unknown
CESC,Unknown
CGCL,Unknown
CGPOWER,Unknown
CHALET,Unknown
CHAMBLFERT,Unknown
CHENNPETRO,Unknown
CHOICEIN,Unknown
CHOLAFIN,Unknown
CHOLAHLDNG,Unknown
CIEINDIA,Unknown
CIGNITITEC,Unknown
CIPLA,Unknown
CLEAN,Unknown
CMSINFO,Unknown
COALINDIA,Unknown
COCHINSHIP,Unknown
COFORGE,Unknown
COHANCE,Unknown
COLPAL,Unknown
CONCOR,Unknown
CONCORDBIO,Unknown
COROMANDEL,Unknown
CRAFTSMAN,Unknown
CREDITACC,Unknown
CRISIL,Unknown
CROMPTON,Unknown
CSBBANK,Unknown
CUB,Unknown
CUMMINSIND,Unknown
CYIENT,Unknown
CYIENTDLM,Unknown
DABUR,Unknown
DALBHARAT,Unknown
DATAMATICS,Unknown
DATAPATTNS,Unknown
DBL,Unknown
DBREALTY,Unknown
DCAL,Unknown
DCBBANK,Unknown
DCMSHRIRAM,Unknown
DEEPAKFERT,Unknown
DEEPAKNTR,Unknown
DELHIVERY,Unknown
DEVYANI,Unknown
DHANUKA,Unknown
DIACABS,Unknown
DIVISLAB,Unknown
DIXON,Unknown
DLF,Unknown
DMART,Unknown
DODLA,Unknown
DOMS,Unknown
DRREDDY,Unknown
DYNAMATECH,Unknown
EASEMYTRIP,Unknown
ECLERX,Unknown
EDELWEISS,Unknown
EICHERMOT,Unknown
EIDPARRY,Unknown
EIEL,Unknown
EIHOTEL,Unknown
ELECON,Unknown
ELECTCAST,Unknown
ELGIEQUIP,Unknown
EMAMILTD,Unknown
EMBDL,Unknown
EMCURE,Unknown
EMIL,Unknown
EMUDHRA,Unknown
ENDURANCE,Unknown
ENGINERSIN,Unknown
ENRIN,Unknown
ENTERO,Unknown
EPIGRAL,Unknown
EPL,Unknown
EQUITASBNK,Unknown
ERIS,Unknown
ESCORTS,Unknown
ETERNAL,Unknown
ETHOSLTD,Unknown
EUREKAFORB,Unknown
EXIDEIND,Unknown
FACT,Unknown
FDC,Unknown
FEDERALBNK,Unknown
FIEMIND,Unknown
FINCABLES,Unknown
FINEORG,Unknown
FINPIPE,Unknown
FIRSTCRY,Unknown
FIVESTAR,Unknown
FLUOROCHEM,Unknown
FORCEMOT,Unknown
FORTIS,Unknown
FSL,Unknown
GABRIEL,Unknown
GAEL,Unknown
GAIL,Unknown
GALLANTT,Unknown
GANECOS,Unknown
GANESHHOU,Unknown
GARFIBRES,Unknown
GATEWAY,Unknown
GESHIP,Unknown
GHCL,Unknown
GICRE,Unknown
GILLETTE,Unknown
GLAND,Unknown
GLAXO,Unknown
GLENMARK,Unknown
GMDCLTD,Unknown
GMMPFAUDLR,Unknown
GMRAIRPORT,Unknown
GMRP&UI,Unknown
GNFC,Unknown
GODFRYPHLP,Unknown
GODIGIT,Unknown
GODREJAGRO,Unknown
GODREJCP,Unknown
GODREJIND,Unknown
GODREJPROP,Unknown
GOKEX,Unknown
GPIL,Unknown
GPPL,Unknown
GRANULES,Unknown
GRAPHITE,Unknown
GRASIM,Unknown
GRAVITA,Unknown
GREAVESCOT,Unknown
GREENPANEL,Unknown
GRINFRA,Unknown
GRSE,Unknown
GRWRHITECH,Unknown
GSFC,Unknown
GSPL,Unknown
GUJGASLTD,Unknown
GULFOILLUB,Unknown
GVT&D,Unknown
HAL,Unknown
HAPPSTMNDS,Unknown
HAVELLS,Unknown
HBLENGINE,Unknown
HCC,Unknown
HCG,Unknown
HCLTECH,Unknown
HDFCAMC,Unknown
HDFCBANK,Unknown
HDFCLIFE,Unknown
HEG,Unknown
HEMIPROP,Unknown
HERITGFOOD,Unknown
HEROMOTOCO,Unknown
HEXT,Unknown
HFCL,Unknown
HGINFRA,Unknown
HIKAL,Unknown
HINDALCO,Unknown
HINDCOPPER,Unknown
HINDPETRO,Unknown
HINDUNILVR,Unknown
HINDZINC,Unknown
HOMEFIRST,Unknown
HONASA,Unknown
HONAUT,Unknown
HSCL,Unknown
HUDCO,Unknown
HYUNDAI,Unknown
ICICIBANK,Unknown
ICICIGI,Unknown
ICICIPRULI,Unknown
ICIL,Unknown
IDBI,Unknown
IDEA,Unknown
IDFCFIRSTB,Unknown
IEX,Unknown
IFBIND,Unknown
IFCI,Unknown
IGIL,Unknown
IGL,Unknown
IIFL,Unknown
IIFLCAPS,Unknown
IKS,Unknown
IMAGICAA,Unknown
IMFA,Unknown
INDGN,Unknown
INDHOTEL,Unknown
INDIACEM,Unknown
INDIAGLYCO,Unknown
INDIAMART,Unknown
INDIANB,Unknown
INDIASHLTR,Unknown
INDIGO,Unknown
INDIGOPNTS,Unknown
INDUSINDBK,Unknown
INDUSTOWER,Unknown
INFIBEAM,Unknown
INFY,Unknown
INGERRAND,Unknown
INNOVACAP,Unknown
INOXGREEN,Unknown
INOXINDIA,Unknown
INOXWIND,Unknown
INTELLECT,Unknown
IOB,Unknown
IOC,Unknown
IONEXCHANG,Unknown
IPCALAB,Unknown
IRB,Unknown
IRCON,Unknown
IRCTC,Unknown
IREDA,Unknown
IRFC,Unknown
ISGEC,Unknown
ITC,Unknown
ITCHOTELS,Unknown
ITI,Unknown
IXIGO,Unknown
J&KBANK,Unknown
JAIBALAJI,Unknown
JAMNAAUTO,Unknown
JBCHEPHARM,Unknown
JBMA,Unknown
JINDALSAW,Unknown
JINDALSTEL,Unknown
JINDWORLD,Unknown
JIOFIN,Unknown
JISLJALEQS,Unknown
JKCEMENT,Unknown
JKIL,Unknown
JKLAKSHMI,Unknown
JKPAPER,Unknown
JKTYRE,Unknown
JMFINANCIL,Unknown
JPPOWER,Unknown
JSFB,Unknown
JSL,Unknown
JSWCEMENT,Unknown
JSWENERGY,Unknown
JSWINFRA,Unknown
JSWSTEEL,Unknown
JUBLFOOD,Unknown
JUBLINGREA,Unknown
JUBLPHARMA,Unknown
JUSTDIAL,Unknown
JWL,Unknown
JYOTHYLAB,Unknown
JYOTICNC,Unknown
KAJARIACER,Unknown
KALYANKJIL,Unknown
KANSAINER,Unknown
KARURVYSYA,Unknown
KAYNES,Unknown
KEC,Unknown
KEI,Unknown
KFINTECH,Unknown
KIMS,Unknown
KIRLOSBROS,Unknown
KIRLOSENG,Unknown
KIRLPNU,Unknown
KITEX,Unknown
KNRCON,Unknown
KOTAKBANK,Unknown
KPIGREEN,Unknown
KPIL,Unknown
KPITTECH,Unknown
KPRMILL,Unknown
KRBL,Unknown
KRN,Unknown
KSB,Unknown
KSCL,Unknown
KSL,Unknown
KTKBANK,Unknown
LALPATHLAB,Unknown
LATENTVIEW,Unknown
LAURUSLABS,Unknown
LEMONTREE,Unknown
LICHSGFIN,Unknown
LICI,Unknown
LINDEINDIA,Unknown
LLOYDSENGG,Unknown
LLOYDSENT,Unknown
LLOYDSME,Unknown
LMW,Unknown
LODHA,Unknown
LT,Unknown
LTF,Unknown
LTFOODS,Unknown
LTIM,Unknown
LTTS,Unknown
LUMAXTECH,Unknown
LUPIN,Unknown
LUXIND,Unknown
LXCHEM,Unknown
M&M,Unknown
M&MFIN,Unknown
MAHABANK,Unknown
MAHLIFE,Unknown
MAHSCOOTER,Unknown
MAHSEAMLES,Unknown
MANAPPURAM,Unknown
MANINFRA,Unknown
MANKIND,Unknown
MANORAMA,Unknown
MANYAVAR,Unknown
MAPMYINDIA,Unknown
MARICO,Unknown
MARKSANS,Unknown
MARUTI,Unknown
MASTEK,Unknown
MAXESTATES,Unknown
MAXHEALTH,Unknown
MAZDOCK,Unknown
MCX,Unknown
MEDANTA,Unknown
MEDPLUS,Unknown
METROPOLIS,Unknown
MFSL,Unknown
MGL,Unknown
MIDHANI,Unknown
MINDACORP,Unknown
MMTC,Unknown
MOIL,Unknown
MOTHERSON,Unknown
MOTILALOFS,Unknown
MPHASIS,Unknown
MRF,Unknown
MRPL,Unknown
MSTCLTD,Unknown
MSUMI,Unknown
MTARTECH,Unknown
MUTHOOTFIN,Unknown
NAM-INDIA,Unknown
NATCOPHARM,Unknown
NATIONALUM,Unknown
NAUKRI,Unknown
NAVA,Unknown
NAVINFLUOR,Unknown
NAZARA,Unknown
NBCC,Unknown
NCC,Unknown
NEOGEN,Unknown
NESCO,Unknown
NESTLEIND,Unknown
NETWEB,Unknown
NETWORK18,Unknown
NEULANDLAB,Unknown
NEWGEN,Unknown
NFL,Unknown
NH,Unknown
NHPC,Unknown
NIACL,Unknown
NIVABUPA,Unknown
NLCINDIA,Unknown
NMDC,Unknown
NSLNISP,Unknown
NTPC,Unknown
NTPCGREEN,Unknown
NUVAMA,Unknown
NUVOCO,Unknown
NYKAA,Unknown
OBEROIRLTY,Unknown
OFSS,Unknown
OIL,Unknown
OLAELEC,Unknown
OLECTRA,Unknown
ONESOURCE,Unknown
ONGC,Unknown
OPTIEMUS,Unknown
ORCHPHARMA,Unknown
ORIENTCEM,Unknown
OSWALPUMPS,Unknown
PAGEIND,Unknown
PARADEEP,Unknown
PARAS,Unknown
PARKHOTELS,Unknown
PATANJALI,Unknown
PATELENG,Unknown
PAYTM,Unknown
PCBL,Unknown
PCJEWELLER,Unknown
PERSISTENT,Unknown
PETRONET,Unknown
PFC,Unknown
PFIZER,Unknown
PGEL,Unknown
PGHH,Unknown
PGIL,Unknown
PHOENIXLTD,Unknown
PIDILITIND,Unknown
PIIND,Unknown
PNB,Unknown
PNBHOUSING,Unknown
PNCINFRA,Unknown
PNGJL,Unknown
POLICYBZR,Unknown
POLYCAB,Unknown
POLYMED,Unknown
POLYPLEX,Unknown
POONAWALLA,Unknown
POWERGRID,Unknown
POWERINDIA,Unknown
POWERMECH,Unknown
PPLPHARMA,Unknown
PRAJIND,Unknown
PREMIERENE,Unknown
PRESTIGE,Unknown
PRICOLLTD,Unknown
PRINCEPIPE,Unknown
PRIVISCL,Unknown
PRSMJOHNSN,Unknown
PRUDENT,Unknown
PTC,Unknown
PTCIL,Unknown
PURVA,Unknown
PVRINOX,Unknown
QUESS,Unknown
RADICO,Unknown
RAILTEL,Unknown
RAIN,Unknown
RAINBOW,Unknown
RALLIS,Unknown
RAMCOCEM,Unknown
RATEGAIN,Unknown
RATNAMANI,Unknown
RAYMONDLSL,Unknown
RBA,Unknown
RBLBANK,Unknown
RCF,Unknown
RECLTD,Unknown
REDINGTON,Unknown
REFEX,Unknown
RELAXO,Unknown
RELIANCE,Unknown
RELIGARE,Unknown
RENUKA,Unknown
RHIM,Unknown
RITES,Unknown
RKFORGE,Unknown
ROUTE,Unknown
RPOWER,Unknown
RRKABEL,Unknown
RTNINDIA,Unknown
RTNPOWER,Unknown
RVNL,Unknown
SAFARI,Unknown
SAGILITY,Unknown
SAIL,Unknown
SAILIFE,Unknown
SAMHI,Unknown
SAMMAANCAP,Unknown
SANDUMA,Unknown
SANOFI,Unknown
SANOFICONR,Unknown
SANSERA,Unknown
SAPPHIRE,Unknown
SARDAEN,Unknown
SAREGAMA,Unknown
SBFC,Unknown
SBICARD,Unknown
SBILIFE,Unknown
SBIN,Unknown
SCHAEFFLER,Unknown
SCHNEIDER,Unknown
SCI,Unknown
SENCO,Unknown
SEQUENT,Unknown
SFL,Unknown
SHAILY,Unknown
SHAKTIPUMP,Unknown
SHARDACROP,Unknown
SHARDAMOTR,Unknown
SHAREINDIA,Unknown
SHILPAMED,Unknown
SHREECEM,Unknown
SHRIPISTON,Unknown
SHRIRAMFIN,Unknown
SHYAMMETL,Unknown
SIEMENS,Unknown
SIGNATURE,Unknown
SJVN,Unknown
SKIPPER,Unknown
SKYGOLD,Unknown
SOBHA,Unknown
SOLARINDS,Unknown
SONACOMS,Unknown
SONATSOFTW,Unknown
SOUTHBANK,Unknown
SPARC,Unknown
SRF,Unknown
STAR,Unknown
STARCEMENT,Unknown
STARHEALTH,Unknown
STLTECH,Unknown
STYRENIX,Unknown
SUBROS,Unknown
SUDARSCHEM,Unknown
SUMICHEM,Unknown
SUNDARMFIN,Unknown
SUNDRMFAST,Unknown
SUNFLAG,Unknown
SUNPHARMA,Unknown
SUNTECK,Unknown
SUNTV,Unknown
SUPREMEIND,Unknown
SUPRIYA,Unknown
SURYAROSNI,Unknown
SUZLON,Unknown
SWANCORP,Unknown
SWIGGY,Unknown
SWSOLAR,Unknown
SYMPHONY,Unknown
SYNGENE,Unknown
SYRMA,Unknown
TANLA,Unknown
TARC,Unknown
TARIL,Unknown
TATACHEM,Unknown
TATACOMM,Unknown
TATACONSUM,Unknown
TATAELXSI,Unknown
TATAINVEST,Unknown
TATAPOWER,Unknown
TATASTEEL,Unknown
TATATECH,Unknown
TBOTEK,Unknown
TCS,Unknown
TDPOWERSYS,Unknown
TEAMLEASE,Unknown
TECHM,Unknown
TECHNOE,Unknown
TEGA,Unknown
TEJASNET,Unknown
TEXRAIL,Unknown
THANGAMAYL,Unknown
THELEELA,Unknown
THERMAX,Unknown
THOMASCOOK,Unknown
THYROCARE,Unknown
TI,Unknown
TIINDIA,Unknown
TIMETECHNO,Unknown
TIMKEN,Unknown
TIPSMUSIC,Unknown
TITAGARH,Unknown
TITAN,Unknown
TMPV,Unknown
TORNTPHARM,Unknown
TORNTPOWER,Unknown
TRANSRAILL,Unknown
TRENT,Unknown
TRIDENT,Unknown
TRITURBINE,Unknown
TRIVENI,Unknown
TSFINV,Unknown
TTML,Unknown
TVSMOTOR,Unknown
TVSSCS,Unknown
UBL,Unknown
UCOBANK,Unknown
UJJIVANSFB,Unknown
ULTRACEMCO,Unknown
UNIMECH,Unknown
UNIONBANK,Unknown
UNITDSPR,Unknown
UNOMINDA,Unknown
UPL,Unknown
USHAMART,Unknown
UTIAMC,Unknown
V2RETAIL,Unknown
VAIBHAVGBL,Unknown
VARROC,Unknown
VBL,Unknown
VEDL,Unknown
VENTIVE,Unknown
VESUVIUS,Unknown
VGUARD,Unknown
VIJAYA,Unknown
VINATIORGA,Unknown
VIPIND,Unknown
VMART,Unknown
VMM,Unknown
VOLTAMP,Unknown
VOLTAS,Unknown
VSTIND,Unknown
VTL,Unknown
WAAREEENER,Unknown
WAAREERTL,Unknown
WABAG,Unknown
WEBELSOLAR,Unknown
WELCORP,Unknown
WELENT,Unknown
WELSPUNLIV,Unknown
WESTLIFE,Unknown
WHIRLPOOL,Unknown
WIPRO,Unknown
WOCKPHARMA,Unknown
YATHARTH,Unknown
YESBANK,Unknown
ZAGGLE,Unknown
ZEEL,Unknown
ZENSARTECH,Unknown
ZENTEC,Unknown
ZFCVINDIA,Unknown
ZYDUSLIFE,Unknown
ZYDUSWELL,Unknown
